id,label
17769,technical_support
17770,technical_support
17771,technical_support
17772,customer_support
17773,technical_support
17774,customer_support
17775,other
17776,other
17777,technical_support
17778,technical_support
17779,technical_support
17780,technical_support
17781,technical_support
17782,technical_support
17783,technical_support
17784,other
17785,technical_support
17786,technical_support
17787,technical_support
17788,technical_support
17789,technical_support
17790,technical_support
17791,technical_support
17792,customer_support
17793,technical_support
17794,technical_support
17795,technical_support
17796,technical_support
17797,technical_support
17798,technical_support
17799,technical_support
17800,technical_support
17801,technical_support
17802,technical_support
17803,other
17804,technical_support
17805,customer_support
17806,other
17807,other
17808,technical_support
17809,technical_support
17810,technical_support
17811,other
17812,customer_support
17813,technical_support
17814,technical_support
17815,customer_support
17816,other
17817,technical_support
17818,customer_support
17819,technical_support
17820,other
17821,customer_support
17822,technical_support
17823,technical_support
17824,other
17825,other
17826,other
17827,customer_support
17828,technical_support
17829,customer_support
17830,technical_support
17831,other
17832,technical_support
17833,technical_support
17834,technical_support
17835,technical_support
17836,customer_support
17837,technical_support
17838,technical_support
17839,customer_support
17840,technical_support
17841,technical_support
17842,other
17843,customer_support
17844,technical_support
17845,other
17846,technical_support
17847,technical_support
17848,other
17849,technical_support
17850,technical_support
17851,customer_support
17852,technical_support
17853,other
17854,technical_support
17855,other
17856,customer_support
17857,customer_support
17858,technical_support
17859,technical_support
17860,technical_support
17861,other
17862,other
17863,technical_support
17864,other
17865,customer_support
17866,technical_support
17867,technical_support
17868,technical_support
17869,other
17870,technical_support
17871,technical_support
17872,other
17873,customer_support
17874,technical_support
17875,technical_support
17876,technical_support
17877,technical_support
17878,customer_support
17879,technical_support
17880,customer_support
17881,other
17882,technical_support
17883,other
17884,customer_support
17885,technical_support
17886,other
17887,technical_support
17888,technical_support
17889,technical_support
17890,technical_support
17891,other
17892,technical_support
17893,technical_support
17894,other
17895,other
17896,customer_support
17897,customer_support
17898,customer_support
17899,technical_support
17900,other
17901,technical_support
17902,technical_support
17903,technical_support
17904,technical_support
17905,technical_support
17906,technical_support
17907,customer_support
17908,customer_support
17909,technical_support
17910,technical_support
17911,technical_support
17912,technical_support
17913,technical_support
17914,technical_support
17915,other
17916,customer_support
17917,technical_support
17918,technical_support
17919,other
17920,technical_support
17921,technical_support
17922,other
17923,other
17924,customer_support
17925,other
17926,technical_support
17927,technical_support
17928,technical_support
17929,technical_support
17930,technical_support
17931,technical_support
17932,technical_support
17933,technical_support
17934,customer_support
17935,customer_support
17936,technical_support
17937,technical_support
17938,other
17939,technical_support
17940,technical_support
17941,technical_support
17942,technical_support
17943,other
17944,customer_support
17945,technical_support
17946,technical_support
17947,other
17948,other
17949,technical_support
17950,other
17951,technical_support
17952,customer_support
17953,other
17954,other
17955,other
17956,technical_support
17957,technical_support
17958,technical_support
17959,other
17960,technical_support
17961,technical_support
17962,customer_support
17963,technical_support
17964,technical_support
17965,technical_support
17966,other
17967,other
17968,other
17969,technical_support
17970,technical_support
17971,other
17972,technical_support
17973,technical_support
17974,technical_support
17975,customer_support
17976,technical_support
17977,technical_support
17978,technical_support
17979,technical_support
17980,technical_support
17981,customer_support
17982,technical_support
17983,customer_support
17984,customer_support
17985,technical_support
17986,technical_support
17987,technical_support
17988,technical_support
17989,technical_support
17990,technical_support
17991,technical_support
17992,other
17993,technical_support
17994,technical_support
17995,other
17996,technical_support
17997,customer_support
17998,technical_support
17999,technical_support
18000,other
18001,customer_support
18002,customer_support
18003,technical_support
18004,technical_support
18005,other
18006,technical_support
18007,customer_support
18008,customer_support
18009,technical_support
18010,other
18011,customer_support
18012,technical_support
18013,technical_support
18014,customer_support
18015,technical_support
18016,other
18017,technical_support
18018,technical_support
18019,technical_support
18020,technical_support
18021,customer_support
18022,other
18023,technical_support
18024,technical_support
18025,other
18026,customer_support
18027,technical_support
18028,customer_support
18029,other
18030,technical_support
18031,technical_support
18032,technical_support
18033,technical_support
18034,customer_support
18035,technical_support
18036,technical_support
18037,technical_support
18038,customer_support
18039,technical_support
18040,technical_support
18041,customer_support
18042,technical_support
18043,customer_support
18044,customer_support
18045,customer_support
18046,technical_support
18047,customer_support
18048,customer_support
18049,technical_support
18050,technical_support
18051,customer_support
18052,technical_support
18053,technical_support
18054,customer_support
18055,technical_support
18056,customer_support
18057,other
18058,technical_support
18059,technical_support
18060,technical_support
18061,other
18062,other
18063,technical_support
18064,technical_support
18065,other
18066,technical_support
18067,technical_support
18068,customer_support
18069,other
18070,technical_support
18071,technical_support
18072,customer_support
18073,other
18074,technical_support
18075,customer_support
18076,customer_support
18077,technical_support
18078,other
18079,customer_support
18080,technical_support
18081,technical_support
18082,other
18083,technical_support
18084,technical_support
18085,other
18086,technical_support
18087,technical_support
18088,technical_support
18089,customer_support
18090,technical_support
18091,technical_support
18092,customer_support
18093,technical_support
18094,technical_support
18095,technical_support
18096,customer_support
18097,technical_support
18098,technical_support
18099,technical_support
18100,customer_support
18101,other
18102,other
18103,customer_support
18104,technical_support
18105,other
18106,other
18107,technical_support
18108,technical_support
18109,technical_support
18110,customer_support
18111,other
18112,technical_support
18113,customer_support
18114,technical_support
18115,other
18116,other
18117,customer_support
18118,other
18119,technical_support
18120,other
18121,other
18122,customer_support
18123,technical_support
18124,technical_support
18125,technical_support
18126,technical_support
18127,customer_support
18128,other
18129,technical_support
18130,other
18131,other
18132,customer_support
18133,other
18134,technical_support
18135,technical_support
18136,technical_support
18137,technical_support
18138,technical_support
18139,other
18140,technical_support
18141,other
18142,technical_support
18143,customer_support
18144,technical_support
18145,technical_support
18146,technical_support
18147,technical_support
18148,technical_support
18149,other
18150,technical_support
18151,technical_support
18152,other
18153,technical_support
18154,technical_support
18155,technical_support
18156,technical_support
18157,technical_support
18158,technical_support
18159,other
18160,technical_support
18161,customer_support
18162,technical_support
18163,technical_support
18164,other
18165,other
18166,technical_support
18167,customer_support
18168,technical_support
18169,technical_support
18170,customer_support
18171,other
18172,technical_support
18173,technical_support
18174,technical_support
18175,technical_support
18176,customer_support
18177,technical_support
18178,technical_support
18179,technical_support
18180,customer_support
18181,other
18182,technical_support
18183,technical_support
18184,technical_support
18185,technical_support
18186,other
18187,technical_support
18188,technical_support
18189,technical_support
18190,customer_support
18191,other
18192,other
18193,technical_support
18194,technical_support
18195,other
18196,technical_support
18197,technical_support
18198,other
18199,technical_support
18200,customer_support
18201,other
18202,technical_support
18203,customer_support
18204,technical_support
18205,other
18206,other
18207,customer_support
18208,technical_support
18209,technical_support
18210,technical_support
18211,technical_support
18212,technical_support
18213,technical_support
18214,technical_support
18215,other
18216,technical_support
18217,technical_support
18218,customer_support
18219,technical_support
18220,technical_support
18221,technical_support
18222,customer_support
18223,other
18224,technical_support
18225,technical_support
18226,technical_support
18227,technical_support
18228,technical_support
18229,other
18230,technical_support
18231,technical_support
18232,technical_support
18233,customer_support
18234,technical_support
18235,technical_support
18236,customer_support
18237,technical_support
18238,technical_support
18239,technical_support
18240,technical_support
18241,other
18242,technical_support
18243,customer_support
18244,customer_support
18245,technical_support
18246,other
18247,technical_support
18248,other
18249,other
18250,customer_support
18251,technical_support
18252,technical_support
18253,technical_support
18254,other
18255,technical_support
18256,technical_support
18257,technical_support
18258,other
18259,technical_support
18260,technical_support
18261,technical_support
18262,other
18263,technical_support
18264,technical_support
18265,other
18266,technical_support
18267,technical_support
18268,other
18269,technical_support
18270,customer_support
18271,technical_support
18272,other
18273,technical_support
18274,technical_support
18275,other
18276,customer_support
18277,customer_support
18278,technical_support
18279,technical_support
18280,other
18281,technical_support
18282,customer_support
18283,customer_support
18284,other
18285,technical_support
18286,technical_support
18287,technical_support
18288,other
18289,other
18290,technical_support
18291,other
18292,technical_support
18293,customer_support
18294,technical_support
18295,technical_support
18296,technical_support
18297,technical_support
18298,technical_support
18299,technical_support
18300,technical_support
18301,technical_support
18302,technical_support
18303,technical_support
18304,customer_support
18305,technical_support
18306,technical_support
18307,other
18308,technical_support
18309,technical_support
18310,technical_support
18311,technical_support
18312,customer_support
18313,technical_support
18314,technical_support
18315,technical_support
18316,other
18317,technical_support
18318,technical_support
18319,technical_support
18320,other
18321,other
18322,technical_support
18323,technical_support
18324,technical_support
18325,technical_support
18326,customer_support
18327,technical_support
18328,technical_support
18329,technical_support
18330,technical_support
18331,other
18332,technical_support
18333,technical_support
18334,customer_support
18335,technical_support
18336,customer_support
18337,other
18338,customer_support
18339,technical_support
18340,technical_support
18341,technical_support
18342,other
18343,technical_support
18344,technical_support
18345,customer_support
18346,other
18347,customer_support
18348,technical_support
18349,technical_support
18350,technical_support
18351,other
18352,technical_support
18353,other
18354,technical_support
18355,customer_support
18356,other
18357,customer_support
18358,technical_support
18359,technical_support
18360,technical_support
18361,customer_support
18362,technical_support
18363,other
18364,technical_support
18365,customer_support
18366,customer_support
18367,other
18368,other
18369,technical_support
18370,other
18371,other
18372,technical_support
18373,technical_support
18374,other
18375,customer_support
18376,technical_support
18377,technical_support
18378,technical_support
18379,technical_support
18380,customer_support
18381,technical_support
18382,customer_support
18383,other
18384,technical_support
18385,technical_support
18386,technical_support
18387,customer_support
18388,technical_support
18389,other
18390,customer_support
18391,technical_support
18392,technical_support
18393,technical_support
18394,other
18395,other
18396,other
18397,technical_support
18398,technical_support
18399,technical_support
18400,technical_support
18401,other
18402,other
18403,customer_support
18404,customer_support
18405,technical_support
18406,technical_support
18407,technical_support
18408,technical_support
18409,technical_support
18410,customer_support
18411,other
18412,technical_support
18413,technical_support
18414,other
18415,technical_support
18416,technical_support
18417,technical_support
18418,other
18419,technical_support
18420,customer_support
18421,customer_support
18422,technical_support
18423,technical_support
18424,technical_support
18425,other
18426,other
18427,technical_support
18428,technical_support
18429,other
18430,technical_support
18431,customer_support
18432,customer_support
18433,technical_support
18434,technical_support
18435,technical_support
18436,other
18437,customer_support
18438,technical_support
18439,technical_support
18440,other
18441,other
18442,technical_support
18443,technical_support
18444,technical_support
18445,other
18446,other
18447,technical_support
18448,technical_support
18449,technical_support
18450,other
18451,other
18452,technical_support
18453,technical_support
18454,technical_support
18455,technical_support
18456,technical_support
18457,customer_support
18458,other
18459,technical_support
18460,technical_support
18461,technical_support
18462,other
18463,customer_support
18464,other
18465,other
18466,customer_support
18467,technical_support
18468,technical_support
18469,technical_support
18470,technical_support
18471,technical_support
18472,customer_support
18473,technical_support
18474,customer_support
18475,other
18476,customer_support
18477,technical_support
18478,customer_support
18479,technical_support
18480,technical_support
18481,other
18482,technical_support
18483,technical_support
18484,technical_support
18485,other
18486,other
18487,other
18488,technical_support
18489,technical_support
18490,technical_support
18491,customer_support
18492,customer_support
18493,technical_support
18494,technical_support
18495,technical_support
18496,technical_support
18497,technical_support
18498,other
18499,technical_support
18500,technical_support
18501,technical_support
18502,other
18503,technical_support
18504,technical_support
18505,customer_support
18506,technical_support
18507,other
18508,customer_support
18509,technical_support
18510,technical_support
18511,other
18512,technical_support
18513,technical_support
18514,technical_support
18515,technical_support
18516,other
18517,technical_support
18518,technical_support
18519,technical_support
18520,technical_support
18521,other
18522,technical_support
18523,customer_support
18524,other
18525,customer_support
18526,technical_support
18527,other
18528,technical_support
18529,technical_support
18530,technical_support
18531,other
18532,technical_support
18533,technical_support
18534,technical_support
18535,customer_support
18536,technical_support
18537,other
18538,technical_support
18539,technical_support
18540,other
18541,technical_support
18542,customer_support
18543,technical_support
18544,customer_support
18545,technical_support
18546,technical_support
18547,customer_support
18548,customer_support
18549,technical_support
18550,technical_support
18551,other
18552,technical_support
18553,customer_support
18554,technical_support
18555,other
18556,technical_support
18557,other
18558,technical_support
18559,technical_support
18560,technical_support
18561,technical_support
18562,other
18563,technical_support
18564,customer_support
18565,technical_support
18566,technical_support
18567,technical_support
18568,technical_support
18569,technical_support
18570,technical_support
18571,technical_support
18572,technical_support
18573,other
18574,technical_support
18575,customer_support
18576,technical_support
18577,technical_support
18578,technical_support
18579,technical_support
18580,technical_support
18581,other
18582,technical_support
18583,other
18584,technical_support
18585,technical_support
18586,other
18587,technical_support
18588,technical_support
18589,other
18590,other
18591,other
18592,other
18593,other
18594,technical_support
18595,customer_support
18596,technical_support
18597,other
18598,technical_support
18599,technical_support
18600,other
18601,other
18602,technical_support
18603,customer_support
18604,customer_support
18605,other
18606,other
18607,technical_support
18608,other
18609,other
18610,other
18611,other
18612,customer_support
18613,other
18614,technical_support
18615,customer_support
18616,customer_support
18617,technical_support
18618,technical_support
18619,technical_support
18620,customer_support
18621,technical_support
18622,other
18623,technical_support
18624,technical_support
18625,technical_support
18626,technical_support
18627,other
18628,customer_support
18629,technical_support
18630,customer_support
18631,other
18632,technical_support
18633,other
18634,technical_support
18635,other
18636,customer_support
18637,technical_support
18638,technical_support
18639,technical_support
18640,technical_support
18641,technical_support
18642,other
18643,other
18644,customer_support
18645,technical_support
18646,technical_support
18647,other
18648,customer_support
18649,other
18650,customer_support
18651,customer_support
18652,customer_support
18653,technical_support
18654,technical_support
18655,other
18656,technical_support
18657,technical_support
18658,other
18659,technical_support
18660,customer_support
18661,customer_support
18662,customer_support
18663,customer_support
18664,other
18665,customer_support
18666,technical_support
18667,technical_support
18668,other
18669,other
18670,other
18671,other
18672,technical_support
18673,technical_support
18674,other
18675,other
18676,technical_support
18677,technical_support
18678,customer_support
18679,other
18680,other
18681,technical_support
18682,technical_support
18683,technical_support
18684,technical_support
18685,technical_support
18686,other
18687,customer_support
18688,other
18689,technical_support
18690,other
18691,other
18692,technical_support
18693,customer_support
18694,customer_support
18695,customer_support
18696,customer_support
18697,technical_support
18698,technical_support
18699,technical_support
18700,customer_support
18701,technical_support
18702,other
18703,technical_support
18704,technical_support
18705,technical_support
18706,other
18707,other
18708,technical_support
18709,technical_support
18710,technical_support
18711,technical_support
18712,technical_support
18713,technical_support
18714,technical_support
18715,customer_support
18716,other
18717,technical_support
18718,technical_support
18719,technical_support
18720,technical_support
18721,customer_support
18722,other
18723,other
18724,customer_support
18725,technical_support
18726,technical_support
18727,other
18728,technical_support
18729,customer_support
18730,technical_support
18731,technical_support
18732,technical_support
18733,technical_support
18734,technical_support
18735,technical_support
18736,customer_support
18737,technical_support
18738,technical_support
18739,customer_support
18740,technical_support
18741,technical_support
18742,technical_support
18743,technical_support
18744,customer_support
18745,customer_support
18746,technical_support
18747,other
18748,customer_support
18749,other
18750,technical_support
18751,technical_support
18752,customer_support
18753,technical_support
18754,customer_support
18755,technical_support
18756,customer_support
18757,technical_support
18758,technical_support
18759,technical_support
18760,technical_support
18761,technical_support
18762,technical_support
18763,technical_support
18764,technical_support
18765,technical_support
18766,other
18767,technical_support
18768,technical_support
18769,technical_support
18770,technical_support
18771,technical_support
18772,technical_support
18773,technical_support
18774,technical_support
18775,technical_support
18776,technical_support
18777,customer_support
18778,technical_support
18779,technical_support
18780,other
18781,customer_support
18782,technical_support
18783,technical_support
18784,technical_support
18785,technical_support
18786,technical_support
18787,technical_support
18788,technical_support
18789,other
18790,technical_support
18791,customer_support
18792,technical_support
18793,other
18794,technical_support
18795,technical_support
18796,technical_support
18797,other
18798,other
18799,technical_support
18800,technical_support
18801,other
18802,technical_support
18803,technical_support
18804,technical_support
18805,technical_support
18806,other
18807,technical_support
18808,technical_support
18809,other
18810,technical_support
18811,technical_support
18812,technical_support
18813,other
18814,other
18815,customer_support
18816,technical_support
18817,technical_support
18818,technical_support
18819,technical_support
18820,technical_support
18821,technical_support
18822,other
18823,technical_support
18824,technical_support
18825,technical_support
18826,technical_support
18827,technical_support
18828,customer_support
18829,technical_support
18830,customer_support
18831,customer_support
18832,technical_support
18833,customer_support
18834,technical_support
18835,other
18836,other
18837,technical_support
18838,technical_support
18839,customer_support
18840,technical_support
18841,other
18842,customer_support
18843,technical_support
18844,other
18845,technical_support
18846,technical_support
18847,technical_support
18848,technical_support
18849,other
18850,customer_support
18851,technical_support
18852,technical_support
18853,technical_support
18854,customer_support
18855,technical_support
18856,technical_support
18857,technical_support
18858,technical_support
18859,other
18860,customer_support
18861,other
18862,technical_support
18863,technical_support
18864,customer_support
18865,other
18866,technical_support
18867,customer_support
18868,technical_support
18869,technical_support
18870,technical_support
18871,technical_support
18872,technical_support
18873,technical_support
18874,customer_support
18875,technical_support
18876,technical_support
18877,technical_support
18878,technical_support
18879,technical_support
18880,technical_support
18881,customer_support
18882,technical_support
18883,other
18884,technical_support
18885,customer_support
18886,technical_support
18887,other
18888,technical_support
18889,technical_support
18890,technical_support
18891,customer_support
18892,technical_support
18893,technical_support
18894,technical_support
18895,other
18896,other
18897,technical_support
18898,customer_support
18899,technical_support
18900,customer_support
18901,technical_support
18902,technical_support
18903,technical_support
18904,technical_support
18905,technical_support
18906,technical_support
18907,other
18908,customer_support
18909,technical_support
18910,customer_support
18911,technical_support
18912,other
18913,technical_support
18914,technical_support
18915,customer_support
18916,customer_support
18917,technical_support
18918,technical_support
18919,technical_support
18920,customer_support
18921,technical_support
18922,technical_support
18923,customer_support
18924,other
18925,technical_support
18926,technical_support
18927,customer_support
18928,customer_support
18929,technical_support
18930,technical_support
18931,other
18932,other
18933,other
18934,customer_support
18935,technical_support
18936,other
18937,technical_support
18938,technical_support
18939,technical_support
18940,technical_support
18941,technical_support
18942,other
18943,other
18944,customer_support
18945,technical_support
18946,technical_support
18947,technical_support
18948,technical_support
18949,other
18950,other
18951,other
18952,other
18953,customer_support
18954,technical_support
18955,technical_support
18956,customer_support
18957,technical_support
18958,technical_support
18959,technical_support
18960,other
18961,technical_support
18962,technical_support
18963,other
18964,technical_support
18965,other
18966,other
18967,other
18968,technical_support
18969,customer_support
18970,customer_support
18971,technical_support
18972,other
18973,technical_support
18974,customer_support
18975,customer_support
18976,technical_support
18977,technical_support
18978,customer_support
18979,customer_support
18980,other
18981,customer_support
18982,technical_support
18983,technical_support
18984,technical_support
18985,technical_support
18986,customer_support
18987,technical_support
18988,technical_support
18989,other
18990,technical_support
18991,technical_support
18992,other
18993,customer_support
18994,customer_support
18995,customer_support
18996,technical_support
18997,technical_support
18998,other
18999,technical_support
19000,other
19001,technical_support
19002,customer_support
19003,other
19004,customer_support
19005,technical_support
19006,technical_support
19007,customer_support
19008,technical_support
19009,technical_support
19010,other
19011,technical_support
19012,technical_support
19013,technical_support
19014,technical_support
19015,technical_support
19016,other
19017,technical_support
19018,customer_support
19019,technical_support
19020,customer_support
19021,technical_support
19022,technical_support
19023,customer_support
19024,customer_support
19025,technical_support
19026,other
19027,technical_support
19028,technical_support
19029,technical_support
19030,customer_support
19031,other
19032,technical_support
19033,customer_support
19034,customer_support
19035,other
19036,customer_support
19037,other
19038,technical_support
19039,other
19040,technical_support
19041,technical_support
19042,other
19043,technical_support
19044,technical_support
19045,technical_support
19046,technical_support
19047,technical_support
19048,technical_support
19049,technical_support
19050,technical_support
19051,other
19052,technical_support
19053,technical_support
19054,other
19055,technical_support
19056,technical_support
19057,technical_support
19058,technical_support
19059,customer_support
19060,customer_support
19061,technical_support
19062,other
19063,technical_support
19064,technical_support
19065,technical_support
19066,technical_support
19067,customer_support
19068,technical_support
19069,customer_support
19070,technical_support
19071,other
19072,other
19073,technical_support
19074,technical_support
19075,other
19076,technical_support
19077,other
19078,customer_support
19079,technical_support
19080,technical_support
19081,technical_support
19082,customer_support
19083,technical_support
19084,other
19085,customer_support
19086,customer_support
19087,technical_support
19088,other
19089,technical_support
19090,technical_support
19091,customer_support
19092,technical_support
19093,customer_support
19094,other
19095,technical_support
19096,customer_support
19097,other
19098,customer_support
19099,technical_support
19100,technical_support
19101,technical_support
19102,technical_support
19103,other
19104,technical_support
19105,technical_support
19106,technical_support
19107,other
19108,technical_support
19109,technical_support
19110,technical_support
19111,technical_support
19112,technical_support
19113,customer_support
19114,technical_support
19115,technical_support
19116,technical_support
19117,customer_support
19118,technical_support
19119,technical_support
19120,other
19121,other
19122,other
19123,other
19124,technical_support
19125,other
19126,technical_support
19127,technical_support
19128,customer_support
19129,technical_support
19130,technical_support
19131,technical_support
19132,technical_support
19133,technical_support
19134,customer_support
19135,customer_support
19136,customer_support
19137,customer_support
19138,technical_support
19139,technical_support
19140,technical_support
19141,technical_support
19142,technical_support
19143,technical_support
19144,other
19145,customer_support
19146,technical_support
19147,technical_support
19148,other
19149,other
19150,technical_support
19151,technical_support
19152,customer_support
19153,technical_support
19154,technical_support
19155,technical_support
19156,customer_support
19157,technical_support
19158,other
19159,other
19160,customer_support
19161,other
19162,customer_support
19163,technical_support
19164,technical_support
19165,technical_support
19166,customer_support
19167,technical_support
19168,other
19169,other
19170,technical_support
19171,technical_support
19172,customer_support
19173,technical_support
19174,technical_support
19175,technical_support
19176,other
19177,technical_support
19178,technical_support
19179,technical_support
19180,technical_support
19181,other
19182,customer_support
19183,technical_support
19184,technical_support
19185,technical_support
19186,technical_support
19187,other
19188,customer_support
19189,technical_support
19190,technical_support
19191,technical_support
19192,other
19193,other
19194,technical_support
19195,technical_support
19196,technical_support
19197,customer_support
19198,other
19199,technical_support
19200,other
19201,customer_support
19202,other
19203,technical_support
19204,customer_support
19205,other
19206,technical_support
19207,customer_support
19208,customer_support
19209,technical_support
19210,technical_support
19211,customer_support
19212,technical_support
19213,technical_support
19214,technical_support
19215,technical_support
19216,technical_support
19217,technical_support
19218,customer_support
19219,technical_support
19220,other
19221,technical_support
19222,technical_support
19223,technical_support
19224,customer_support
19225,customer_support
19226,technical_support
19227,technical_support
19228,customer_support
19229,technical_support
19230,technical_support
19231,technical_support
19232,customer_support
19233,technical_support
19234,technical_support
19235,technical_support
19236,other
19237,technical_support
19238,customer_support
19239,technical_support
19240,customer_support
19241,technical_support
19242,technical_support
19243,technical_support
19244,customer_support
19245,customer_support
19246,technical_support
19247,technical_support
19248,technical_support
19249,technical_support
19250,technical_support
19251,other
19252,technical_support
19253,technical_support
19254,other
19255,technical_support
19256,technical_support
19257,technical_support
19258,technical_support
19259,technical_support
19260,other
19261,customer_support
19262,customer_support
19263,technical_support
19264,technical_support
19265,other
19266,other
19267,technical_support
19268,customer_support
19269,customer_support
19270,customer_support
19271,technical_support
19272,other
19273,other
19274,technical_support
19275,technical_support
19276,other
19277,technical_support
19278,technical_support
19279,technical_support
19280,technical_support
19281,other
19282,customer_support
19283,technical_support
19284,other
19285,technical_support
19286,other
19287,customer_support
19288,technical_support
19289,technical_support
19290,technical_support
19291,technical_support
19292,technical_support
19293,technical_support
19294,technical_support
19295,technical_support
19296,technical_support
19297,technical_support
19298,other
19299,technical_support
19300,customer_support
19301,technical_support
19302,technical_support
19303,technical_support
19304,technical_support
19305,technical_support
19306,customer_support
19307,customer_support
19308,technical_support
19309,technical_support
19310,technical_support
19311,other
19312,technical_support
19313,other
19314,technical_support
19315,technical_support
19316,customer_support
19317,technical_support
19318,other
19319,technical_support
19320,technical_support
19321,customer_support
19322,technical_support
19323,customer_support
19324,technical_support
19325,technical_support
19326,technical_support
19327,other
19328,technical_support
19329,technical_support
19330,technical_support
19331,other
19332,other
19333,other
19334,customer_support
19335,technical_support
19336,technical_support
19337,technical_support
19338,technical_support
19339,technical_support
19340,customer_support
19341,technical_support
19342,customer_support
19343,technical_support
19344,technical_support
19345,technical_support
19346,technical_support
19347,technical_support
19348,technical_support
19349,technical_support
19350,technical_support
19351,other
19352,technical_support
19353,customer_support
19354,customer_support
19355,technical_support
19356,technical_support
19357,technical_support
19358,technical_support
19359,customer_support
19360,technical_support
19361,technical_support
19362,technical_support
19363,technical_support
19364,other
19365,other
19366,technical_support
19367,technical_support
19368,technical_support
19369,technical_support
19370,other
19371,other
19372,technical_support
19373,other
19374,technical_support
19375,technical_support
19376,other
19377,technical_support
19378,other
19379,technical_support
19380,technical_support
19381,other
19382,technical_support
19383,other
19384,customer_support
19385,other
19386,technical_support
19387,technical_support
19388,other
19389,customer_support
19390,technical_support
19391,customer_support
19392,technical_support
19393,technical_support
19394,technical_support
19395,technical_support
19396,technical_support
19397,technical_support
19398,technical_support
19399,other
19400,technical_support
19401,other
19402,technical_support
19403,technical_support
19404,technical_support
19405,technical_support
19406,technical_support
19407,technical_support
19408,technical_support
19409,technical_support
19410,customer_support
19411,technical_support
19412,customer_support
19413,technical_support
19414,technical_support
19415,technical_support
19416,technical_support
19417,technical_support
19418,technical_support
19419,customer_support
19420,technical_support
19421,technical_support
19422,other
19423,technical_support
19424,technical_support
19425,customer_support
19426,technical_support
19427,technical_support
19428,customer_support
19429,technical_support
19430,customer_support
19431,customer_support
19432,customer_support
19433,customer_support
19434,technical_support
19435,technical_support
19436,customer_support
19437,technical_support
19438,technical_support
19439,technical_support
19440,technical_support
19441,customer_support
19442,technical_support
19443,customer_support
19444,technical_support
19445,technical_support
19446,technical_support
19447,technical_support
19448,technical_support
19449,customer_support
19450,technical_support
19451,other
19452,technical_support
19453,customer_support
19454,technical_support
19455,technical_support
19456,customer_support
19457,customer_support
19458,technical_support
19459,technical_support
19460,customer_support
19461,technical_support
19462,technical_support
19463,other
19464,technical_support
19465,technical_support
19466,technical_support
19467,customer_support
19468,customer_support
19469,technical_support
19470,technical_support
19471,customer_support
19472,technical_support
19473,technical_support
19474,other
19475,other
19476,technical_support
19477,technical_support
19478,technical_support
19479,technical_support
19480,technical_support
19481,technical_support
19482,other
19483,technical_support
19484,technical_support
19485,other
19486,other
19487,customer_support
19488,technical_support
19489,technical_support
19490,technical_support
19491,technical_support
19492,customer_support
19493,technical_support
19494,other
19495,customer_support
19496,technical_support
19497,customer_support
19498,technical_support
19499,technical_support
19500,technical_support
19501,technical_support
19502,other
19503,technical_support
19504,technical_support
19505,technical_support
19506,technical_support
19507,technical_support
19508,technical_support
19509,technical_support
19510,other
19511,other
19512,technical_support
19513,technical_support
19514,customer_support
19515,technical_support
19516,other
19517,customer_support
19518,technical_support
19519,other
19520,customer_support
19521,technical_support
19522,technical_support
19523,technical_support
19524,technical_support
19525,technical_support
19526,other
19527,technical_support
19528,technical_support
19529,technical_support
19530,other
19531,technical_support
19532,technical_support
19533,technical_support
19534,other
19535,technical_support
19536,other
19537,technical_support
19538,technical_support
19539,technical_support
19540,other
19541,technical_support
19542,other
19543,technical_support
19544,technical_support
19545,other
19546,other
19547,technical_support
19548,technical_support
19549,technical_support
19550,other
19551,other
19552,customer_support
19553,customer_support
19554,technical_support
19555,technical_support
19556,technical_support
19557,technical_support
19558,technical_support
19559,technical_support
19560,technical_support
19561,technical_support
19562,other
19563,other
19564,technical_support
19565,other
19566,technical_support
19567,technical_support
19568,technical_support
19569,other
19570,technical_support
19571,other
19572,technical_support
19573,technical_support
19574,customer_support
19575,technical_support
19576,technical_support
19577,customer_support
19578,technical_support
19579,other
19580,other
19581,technical_support
19582,other
19583,technical_support
19584,technical_support
19585,technical_support
19586,customer_support
19587,technical_support
19588,technical_support
19589,technical_support
19590,other
19591,customer_support
19592,customer_support
19593,technical_support
19594,technical_support
19595,technical_support
19596,other
19597,other
19598,customer_support
19599,technical_support
19600,technical_support
19601,technical_support
19602,customer_support
19603,technical_support
19604,other
19605,other
19606,technical_support
19607,other
19608,technical_support
19609,technical_support
19610,other
19611,customer_support
19612,customer_support
19613,technical_support
19614,technical_support
19615,technical_support
19616,customer_support
19617,other
19618,other
19619,technical_support
19620,technical_support
19621,customer_support
19622,customer_support
19623,technical_support
19624,technical_support
19625,technical_support
19626,other
19627,other
19628,technical_support
19629,customer_support
19630,other
19631,technical_support
19632,technical_support
19633,other
19634,technical_support
19635,technical_support
19636,other
19637,technical_support
19638,customer_support
19639,customer_support
19640,other
19641,customer_support
19642,customer_support
19643,technical_support
19644,other
19645,technical_support
19646,technical_support
19647,technical_support
19648,other
19649,technical_support
19650,customer_support
19651,other
19652,other
19653,technical_support
19654,technical_support
19655,technical_support
19656,other
19657,technical_support
19658,technical_support
19659,technical_support
19660,other
19661,technical_support
19662,customer_support
19663,customer_support
19664,other
19665,other
19666,other
19667,technical_support
19668,customer_support
19669,technical_support
19670,customer_support
19671,technical_support
19672,other
19673,other
19674,technical_support
19675,technical_support
19676,other
19677,technical_support
19678,other
19679,technical_support
19680,technical_support
19681,other
19682,customer_support
19683,customer_support
19684,technical_support
19685,technical_support
19686,customer_support
19687,technical_support
19688,customer_support
19689,technical_support
19690,other
19691,customer_support
19692,technical_support
19693,other
19694,technical_support
19695,technical_support
19696,technical_support
19697,technical_support
19698,technical_support
19699,other
19700,technical_support
19701,technical_support
19702,other
19703,technical_support
19704,technical_support
19705,technical_support
19706,technical_support
19707,customer_support
19708,customer_support
19709,other
19710,technical_support
19711,technical_support
19712,technical_support
19713,customer_support
19714,technical_support
19715,technical_support
19716,technical_support
19717,other
19718,technical_support
19719,technical_support
19720,technical_support
19721,technical_support
19722,technical_support
19723,technical_support
19724,technical_support
19725,technical_support
19726,other
19727,customer_support
19728,technical_support
19729,technical_support
19730,other
19731,technical_support
19732,customer_support
19733,technical_support
19734,technical_support
19735,technical_support
19736,technical_support
19737,technical_support
19738,technical_support
19739,technical_support
19740,technical_support
19741,other
19742,customer_support
19743,customer_support
19744,technical_support
19745,technical_support
19746,technical_support
19747,technical_support
19748,technical_support
19749,other
19750,technical_support
19751,technical_support
19752,technical_support
19753,technical_support
19754,customer_support
19755,technical_support
19756,technical_support
19757,technical_support
19758,other
19759,technical_support
19760,technical_support
19761,technical_support
19762,technical_support
19763,technical_support
19764,technical_support
19765,technical_support
19766,technical_support
19767,other
19768,technical_support
19769,technical_support
19770,technical_support
19771,customer_support
19772,technical_support
19773,technical_support
19774,customer_support
19775,customer_support
19776,technical_support
19777,technical_support
19778,customer_support
19779,technical_support
19780,technical_support
19781,technical_support
19782,technical_support
19783,customer_support
19784,other
19785,other
19786,other
19787,technical_support
19788,customer_support
19789,customer_support
19790,technical_support
19791,technical_support
19792,customer_support
19793,technical_support
19794,customer_support
19795,technical_support
19796,technical_support
19797,technical_support
19798,other
19799,other
19800,technical_support
19801,technical_support
19802,customer_support
19803,technical_support
19804,technical_support
19805,customer_support
19806,technical_support
19807,technical_support
19808,technical_support
19809,other
19810,customer_support
19811,other
19812,technical_support
19813,technical_support
19814,customer_support
19815,customer_support
19816,technical_support
19817,technical_support
19818,other
19819,customer_support
19820,other
19821,technical_support
19822,other
19823,technical_support
19824,technical_support
19825,technical_support
19826,customer_support
19827,other
19828,technical_support
19829,technical_support
19830,other
19831,technical_support
19832,customer_support
19833,other
19834,customer_support
19835,technical_support
19836,technical_support
19837,customer_support
19838,customer_support
19839,technical_support
19840,technical_support
19841,other
19842,other
19843,technical_support
19844,technical_support
19845,technical_support
19846,technical_support
19847,customer_support
19848,technical_support
19849,other
19850,technical_support
19851,technical_support
19852,technical_support
19853,technical_support
19854,technical_support
19855,technical_support
19856,customer_support
19857,technical_support
19858,technical_support
19859,technical_support
19860,technical_support
19861,customer_support
19862,technical_support
19863,other
19864,other
19865,technical_support
19866,technical_support
19867,other
19868,technical_support
19869,technical_support
19870,customer_support
19871,technical_support
19872,technical_support
19873,technical_support
19874,technical_support
19875,other
19876,technical_support
19877,technical_support
19878,technical_support
19879,other
19880,other
19881,customer_support
19882,technical_support
19883,technical_support
19884,technical_support
19885,technical_support
19886,other
19887,customer_support
19888,customer_support
19889,technical_support
19890,customer_support
19891,technical_support
19892,technical_support
19893,technical_support
19894,technical_support
19895,technical_support
19896,technical_support
19897,technical_support
19898,technical_support
19899,technical_support
19900,technical_support
19901,other
19902,customer_support
19903,technical_support
19904,technical_support
19905,technical_support
19906,customer_support
19907,technical_support
19908,technical_support
19909,technical_support
19910,customer_support
19911,other
19912,technical_support
19913,technical_support
19914,technical_support
19915,technical_support
19916,technical_support
19917,customer_support
19918,technical_support
19919,technical_support
19920,customer_support
19921,technical_support
19922,customer_support
19923,technical_support
19924,other
19925,other
19926,technical_support
19927,customer_support
19928,customer_support
19929,technical_support
19930,technical_support
19931,technical_support
19932,other
19933,technical_support
19934,technical_support
19935,customer_support
19936,technical_support
19937,other
19938,technical_support
19939,technical_support
19940,other
19941,technical_support
19942,technical_support
19943,technical_support
19944,technical_support
19945,technical_support
19946,customer_support
19947,technical_support
19948,customer_support
19949,customer_support
19950,technical_support
19951,technical_support
19952,other
19953,other
19954,technical_support
19955,technical_support
19956,customer_support
19957,technical_support
19958,customer_support
19959,technical_support
19960,technical_support
19961,customer_support
19962,technical_support
19963,technical_support
19964,technical_support
19965,other
19966,customer_support
19967,technical_support
19968,customer_support
19969,customer_support
19970,technical_support
19971,technical_support
19972,other
19973,other
19974,customer_support
19975,technical_support
19976,other
19977,customer_support
19978,technical_support
19979,customer_support
19980,other
19981,customer_support
19982,other
19983,customer_support
19984,customer_support
19985,technical_support
19986,technical_support
19987,technical_support
19988,other
19989,technical_support
19990,technical_support
19991,other
19992,technical_support
19993,technical_support
19994,technical_support
19995,technical_support
19996,other
19997,technical_support
19998,technical_support
19999,other
20000,other
20001,technical_support
20002,other
20003,other
20004,technical_support
20005,technical_support
20006,technical_support
20007,technical_support
20008,technical_support
20009,other
20010,technical_support
20011,technical_support
20012,technical_support
20013,other
20014,customer_support
20015,technical_support
20016,technical_support
20017,customer_support
20018,technical_support
20019,other
20020,customer_support
20021,technical_support
20022,technical_support
20023,technical_support
20024,technical_support
20025,technical_support
20026,technical_support
20027,technical_support
20028,technical_support
20029,customer_support
20030,customer_support
20031,technical_support
20032,technical_support
20033,technical_support
20034,technical_support
20035,technical_support
20036,customer_support
20037,other
20038,technical_support
20039,other
20040,customer_support
20041,technical_support
20042,customer_support
20043,customer_support
20044,technical_support
20045,technical_support
20046,other
20047,other
20048,other
20049,other
20050,technical_support
20051,technical_support
20052,customer_support
20053,customer_support
20054,customer_support
20055,technical_support
20056,technical_support
20057,technical_support
20058,technical_support
20059,technical_support
20060,other
20061,technical_support
20062,technical_support
20063,customer_support
20064,other
20065,technical_support
20066,customer_support
20067,other
20068,customer_support
20069,technical_support
20070,other
20071,technical_support
20072,technical_support
20073,other
20074,other
20075,other
20076,technical_support
20077,technical_support
20078,customer_support
20079,technical_support
20080,other
20081,technical_support
20082,technical_support
20083,customer_support
20084,technical_support
20085,technical_support
20086,technical_support
20087,technical_support
20088,technical_support
20089,other
20090,technical_support
20091,technical_support
20092,technical_support
20093,customer_support
20094,technical_support
20095,technical_support
20096,customer_support
20097,customer_support
20098,other
20099,technical_support
20100,technical_support
20101,technical_support
20102,technical_support
20103,technical_support
20104,technical_support
20105,other
20106,technical_support
20107,technical_support
20108,customer_support
20109,technical_support
20110,customer_support
20111,other
20112,technical_support
20113,technical_support
20114,technical_support
20115,technical_support
20116,technical_support
20117,technical_support
20118,technical_support
20119,technical_support
20120,technical_support
20121,technical_support
20122,other
20123,customer_support
20124,technical_support
20125,technical_support
20126,technical_support
20127,technical_support
20128,technical_support
20129,technical_support
20130,customer_support
20131,technical_support
20132,technical_support
20133,technical_support
20134,technical_support
20135,customer_support
20136,technical_support
20137,technical_support
20138,technical_support
20139,technical_support
20140,customer_support
20141,technical_support
20142,customer_support
20143,technical_support
20144,customer_support
20145,technical_support
20146,other
20147,technical_support
20148,technical_support
20149,technical_support
20150,technical_support
20151,customer_support
20152,technical_support
20153,technical_support
20154,technical_support
20155,customer_support
20156,other
20157,technical_support
20158,technical_support
20159,customer_support
20160,technical_support
20161,customer_support
20162,other
20163,technical_support
20164,technical_support
20165,technical_support
20166,other
20167,technical_support
20168,other
20169,customer_support
20170,technical_support
20171,technical_support
20172,technical_support
20173,technical_support
20174,technical_support
20175,technical_support
20176,technical_support
20177,technical_support
20178,customer_support
20179,technical_support
20180,technical_support
20181,customer_support
20182,technical_support
20183,technical_support
20184,technical_support
20185,technical_support
20186,customer_support
20187,technical_support
20188,other
20189,technical_support
20190,technical_support
20191,technical_support
20192,technical_support
20193,technical_support
20194,technical_support
20195,technical_support
20196,technical_support
20197,other
20198,other
20199,technical_support
20200,customer_support
20201,technical_support
20202,technical_support
20203,technical_support
20204,other
20205,technical_support
20206,technical_support
20207,technical_support
20208,technical_support
20209,other
20210,technical_support
20211,technical_support
20212,technical_support
20213,technical_support
20214,customer_support
20215,technical_support
20216,technical_support
20217,technical_support
20218,technical_support
20219,technical_support
20220,customer_support
20221,technical_support
20222,technical_support
20223,technical_support
20224,technical_support
20225,technical_support
20226,technical_support
20227,customer_support
20228,other
20229,technical_support
20230,technical_support
20231,technical_support
20232,technical_support
20233,technical_support
20234,technical_support
20235,customer_support
20236,technical_support
20237,technical_support
20238,other
20239,customer_support
20240,technical_support
20241,other
20242,technical_support
20243,other
20244,technical_support
20245,customer_support
20246,technical_support
20247,technical_support
20248,other
20249,customer_support
20250,other
20251,technical_support
20252,technical_support
20253,technical_support
20254,other
20255,technical_support
20256,other
20257,customer_support
20258,other
20259,technical_support
20260,technical_support
20261,other
20262,technical_support
20263,customer_support
20264,technical_support
20265,technical_support
20266,technical_support
20267,technical_support
20268,technical_support
20269,customer_support
20270,technical_support
20271,customer_support
20272,other
20273,customer_support
20274,customer_support
20275,technical_support
20276,technical_support
20277,technical_support
20278,technical_support
20279,technical_support
20280,technical_support
20281,other
20282,customer_support
20283,other
20284,other
20285,customer_support
20286,other
20287,technical_support
20288,other
20289,technical_support
20290,technical_support
20291,other
20292,customer_support
20293,other
20294,technical_support
20295,technical_support
20296,technical_support
20297,other
20298,other
20299,technical_support
20300,technical_support
20301,technical_support
20302,technical_support
20303,other
20304,customer_support
20305,technical_support
20306,technical_support
20307,technical_support
20308,technical_support
20309,technical_support
20310,technical_support
20311,customer_support
20312,technical_support
20313,technical_support
20314,other
20315,other
20316,customer_support
20317,technical_support
20318,technical_support
20319,customer_support
20320,technical_support
20321,customer_support
20322,other
20323,technical_support
20324,technical_support
20325,other
20326,technical_support
20327,technical_support
20328,technical_support
20329,technical_support
20330,other
20331,technical_support
20332,other
20333,technical_support
20334,technical_support
20335,technical_support
20336,other
20337,other
20338,other
20339,technical_support
20340,technical_support
20341,customer_support
20342,customer_support
20343,technical_support
20344,technical_support
20345,customer_support
20346,technical_support
20347,technical_support
20348,other
20349,technical_support
20350,technical_support
20351,technical_support
20352,customer_support
20353,other
20354,technical_support
20355,technical_support
20356,customer_support
20357,other
20358,technical_support
20359,technical_support
20360,technical_support
20361,technical_support
20362,technical_support
20363,technical_support
20364,other
20365,customer_support
20366,other
20367,other
20368,technical_support
20369,technical_support
20370,technical_support
20371,technical_support
20372,technical_support
20373,customer_support
20374,technical_support
20375,technical_support
20376,technical_support
20377,technical_support
20378,technical_support
20379,technical_support
20380,technical_support
20381,other
20382,other
20383,technical_support
20384,technical_support
20385,customer_support
20386,customer_support
20387,technical_support
20388,technical_support
20389,technical_support
20390,technical_support
20391,technical_support
20392,other
20393,technical_support
20394,other
20395,technical_support
20396,technical_support
20397,technical_support
20398,technical_support
20399,other
20400,technical_support
20401,other
20402,other
20403,technical_support
20404,technical_support
20405,other
20406,customer_support
20407,technical_support
20408,technical_support
20409,technical_support
20410,customer_support
20411,other
20412,customer_support
20413,technical_support
20414,technical_support
20415,customer_support
20416,technical_support
20417,technical_support
20418,other
20419,customer_support
20420,technical_support
20421,technical_support
20422,technical_support
20423,other
20424,technical_support
20425,technical_support
20426,technical_support
20427,technical_support
20428,technical_support
20429,technical_support
20430,technical_support
20431,technical_support
20432,other
20433,technical_support
20434,other
20435,customer_support
20436,technical_support
20437,other
20438,customer_support
20439,customer_support
20440,other
20441,other
20442,technical_support
20443,other
20444,technical_support
20445,customer_support
20446,other
20447,technical_support
20448,technical_support
20449,other
20450,other
20451,technical_support
20452,other
20453,other
20454,technical_support
20455,customer_support
20456,customer_support
20457,technical_support
20458,technical_support
20459,technical_support
20460,technical_support
20461,customer_support
20462,technical_support
20463,other
20464,technical_support
20465,technical_support
20466,other
20467,technical_support
20468,technical_support
20469,technical_support
20470,other
20471,customer_support
20472,technical_support
20473,technical_support
20474,technical_support
20475,other
20476,technical_support
20477,other
20478,other
20479,technical_support
20480,technical_support
20481,other
20482,technical_support
20483,technical_support
20484,other
20485,technical_support
20486,technical_support
20487,technical_support
20488,customer_support
20489,customer_support
20490,technical_support
20491,technical_support
20492,technical_support
20493,other
20494,technical_support
20495,other
20496,technical_support
20497,technical_support
20498,other
20499,customer_support
20500,technical_support
20501,technical_support
20502,customer_support
20503,technical_support
20504,technical_support
20505,customer_support
20506,technical_support
20507,customer_support
20508,technical_support
20509,technical_support
20510,technical_support
20511,technical_support
20512,customer_support
20513,customer_support
20514,technical_support
20515,technical_support
20516,technical_support
20517,customer_support
20518,customer_support
20519,customer_support
20520,customer_support
20521,technical_support
20522,technical_support
20523,other
20524,technical_support
20525,technical_support
20526,other
20527,technical_support
20528,other
20529,technical_support
20530,technical_support
20531,technical_support
20532,technical_support
20533,other
20534,technical_support
20535,technical_support
20536,other
20537,customer_support
20538,technical_support
20539,technical_support
20540,customer_support
20541,technical_support
20542,technical_support
20543,technical_support
20544,technical_support
20545,technical_support
20546,customer_support
20547,customer_support
20548,technical_support
20549,technical_support
20550,other
20551,technical_support
20552,technical_support
20553,technical_support
20554,technical_support
20555,other
20556,technical_support
20557,other
20558,technical_support
20559,technical_support
20560,technical_support
20561,technical_support
20562,customer_support
20563,customer_support
20564,technical_support
20565,technical_support
20566,technical_support
20567,technical_support
20568,other
20569,customer_support
20570,customer_support
20571,customer_support
20572,technical_support
20573,technical_support
20574,other
20575,customer_support
20576,other
20577,technical_support
20578,customer_support
20579,technical_support
20580,technical_support
20581,other
20582,technical_support
20583,other
20584,customer_support
20585,other
20586,other
20587,technical_support
20588,customer_support
20589,other
20590,customer_support
20591,other
20592,technical_support
20593,technical_support
20594,technical_support
20595,technical_support
20596,customer_support
20597,technical_support
20598,other
20599,technical_support
20600,technical_support
20601,technical_support
20602,other
20603,technical_support
20604,technical_support
20605,customer_support
20606,technical_support
20607,technical_support
20608,technical_support
20609,technical_support
20610,technical_support
20611,other
20612,other
20613,technical_support
20614,customer_support
20615,technical_support
20616,technical_support
20617,other
20618,other
20619,technical_support
20620,technical_support
20621,technical_support
20622,customer_support
20623,customer_support
20624,technical_support
20625,other
20626,customer_support
20627,technical_support
20628,technical_support
20629,other
20630,technical_support
20631,technical_support
20632,customer_support
20633,technical_support
20634,technical_support
20635,technical_support
20636,technical_support
20637,customer_support
20638,technical_support
20639,customer_support
20640,customer_support
20641,technical_support
20642,customer_support
20643,technical_support
20644,technical_support
20645,other
20646,technical_support
20647,other
20648,technical_support
20649,technical_support
20650,customer_support
20651,technical_support
20652,technical_support
20653,technical_support
20654,customer_support
20655,other
20656,technical_support
20657,technical_support
20658,customer_support
20659,customer_support
20660,technical_support
20661,technical_support
20662,other
20663,technical_support
20664,customer_support
20665,other
20666,other
20667,other
20668,technical_support
20669,other
20670,technical_support
20671,technical_support
20672,other
20673,technical_support
20674,technical_support
20675,technical_support
20676,customer_support
20677,technical_support
20678,customer_support
20679,customer_support
20680,other
20681,technical_support
20682,technical_support
20683,technical_support
20684,technical_support
20685,technical_support
20686,technical_support
20687,technical_support
20688,technical_support
20689,technical_support
20690,other
20691,technical_support
20692,technical_support
20693,technical_support
20694,other
20695,other
20696,technical_support
20697,technical_support
20698,technical_support
20699,technical_support
20700,other
20701,technical_support
20702,technical_support
20703,technical_support
20704,technical_support
20705,technical_support
20706,customer_support
20707,other
20708,technical_support
20709,technical_support
20710,technical_support
20711,technical_support
20712,technical_support
20713,other
20714,customer_support
20715,technical_support
20716,customer_support
20717,technical_support
20718,technical_support
20719,customer_support
20720,other
20721,technical_support
20722,other
20723,other
20724,customer_support
20725,technical_support
20726,other
20727,technical_support
20728,other
20729,technical_support
20730,technical_support
20731,technical_support
20732,technical_support
20733,technical_support
20734,technical_support
20735,technical_support
20736,technical_support
20737,technical_support
20738,customer_support
20739,other
20740,other
20741,technical_support
20742,technical_support
20743,technical_support
20744,technical_support
20745,other
20746,technical_support
20747,other
20748,other
20749,customer_support
20750,technical_support
20751,technical_support
20752,technical_support
20753,technical_support
20754,technical_support
20755,technical_support
20756,other
20757,technical_support
20758,technical_support
20759,technical_support
20760,technical_support
20761,other
20762,customer_support
20763,other
20764,other
20765,technical_support
20766,other
20767,technical_support
20768,technical_support
20769,technical_support
20770,technical_support
20771,technical_support
20772,other
20773,technical_support
20774,other
20775,other
20776,technical_support
20777,technical_support
20778,technical_support
20779,technical_support
20780,customer_support
20781,technical_support
20782,technical_support
20783,technical_support
20784,other
20785,technical_support
20786,customer_support
20787,customer_support
20788,technical_support
20789,customer_support
20790,technical_support
20791,technical_support
20792,technical_support
20793,technical_support
20794,customer_support
20795,other
20796,other
20797,technical_support
20798,customer_support
20799,other
20800,technical_support
20801,technical_support
20802,technical_support
20803,technical_support
20804,technical_support
20805,technical_support
20806,technical_support
20807,technical_support
20808,other
20809,customer_support
20810,technical_support
20811,customer_support
20812,customer_support
20813,technical_support
20814,customer_support
20815,technical_support
20816,technical_support
20817,technical_support
20818,technical_support
20819,customer_support
20820,technical_support
20821,other
20822,technical_support
20823,customer_support
20824,other
20825,customer_support
20826,customer_support
20827,customer_support
20828,technical_support
20829,other
20830,customer_support
20831,technical_support
20832,other
20833,other
20834,technical_support
20835,technical_support
20836,other
20837,customer_support
20838,technical_support
20839,other
20840,technical_support
20841,technical_support
20842,technical_support
20843,technical_support
20844,technical_support
20845,technical_support
20846,technical_support
20847,technical_support
20848,technical_support
20849,customer_support
20850,technical_support
20851,technical_support
20852,technical_support
20853,technical_support
20854,other
20855,technical_support
20856,technical_support
20857,technical_support
20858,technical_support
20859,technical_support
20860,other
20861,other
20862,other
20863,technical_support
20864,technical_support
20865,other
20866,technical_support
20867,technical_support
20868,technical_support
20869,technical_support
20870,technical_support
20871,technical_support
20872,customer_support
20873,technical_support
20874,technical_support
20875,technical_support
20876,other
20877,technical_support
20878,customer_support
20879,other
20880,technical_support
20881,technical_support
20882,technical_support
20883,technical_support
20884,other
20885,technical_support
20886,other
20887,technical_support
20888,technical_support
20889,technical_support
20890,technical_support
20891,other
20892,technical_support
20893,customer_support
20894,customer_support
20895,customer_support
20896,customer_support
20897,customer_support
20898,customer_support
20899,other
20900,customer_support
20901,technical_support
20902,technical_support
20903,customer_support
20904,technical_support
20905,technical_support
20906,technical_support
20907,technical_support
20908,technical_support
20909,technical_support
20910,technical_support
20911,technical_support
20912,technical_support
20913,technical_support
20914,other
20915,other
20916,customer_support
20917,technical_support
20918,other
20919,technical_support
20920,technical_support
20921,other
20922,other
20923,technical_support
20924,technical_support
20925,technical_support
20926,other
20927,technical_support
20928,technical_support
20929,technical_support
20930,technical_support
20931,customer_support
20932,customer_support
20933,technical_support
20934,technical_support
20935,technical_support
20936,technical_support
20937,customer_support
20938,other
20939,other
20940,technical_support
20941,technical_support
20942,technical_support
20943,technical_support
20944,technical_support
20945,technical_support
20946,technical_support
20947,other
20948,technical_support
20949,other
20950,technical_support
20951,technical_support
20952,technical_support
20953,customer_support
20954,technical_support
20955,other
20956,technical_support
20957,customer_support
20958,technical_support
20959,technical_support
20960,technical_support
20961,customer_support
20962,technical_support
20963,other
20964,technical_support
20965,technical_support
20966,customer_support
20967,other
20968,technical_support
20969,technical_support
20970,technical_support
20971,technical_support
20972,technical_support
20973,technical_support
20974,technical_support
20975,technical_support
20976,technical_support
20977,other
20978,other
20979,technical_support
20980,technical_support
20981,customer_support
20982,technical_support
20983,other
20984,technical_support
20985,technical_support
20986,other
20987,customer_support
20988,technical_support
20989,technical_support
20990,other
20991,technical_support
20992,technical_support
20993,technical_support
20994,technical_support
20995,technical_support
20996,other
20997,technical_support
20998,technical_support
20999,technical_support
21000,technical_support
21001,technical_support
21002,technical_support
21003,technical_support
21004,technical_support
21005,customer_support
21006,technical_support
21007,technical_support
21008,technical_support
21009,technical_support
21010,technical_support
21011,customer_support
21012,technical_support
21013,technical_support
21014,customer_support
21015,technical_support
21016,technical_support
21017,technical_support
21018,technical_support
21019,other
21020,technical_support
21021,customer_support
21022,technical_support
21023,technical_support
21024,technical_support
21025,customer_support
21026,other
21027,other
21028,technical_support
21029,technical_support
21030,customer_support
21031,technical_support
21032,other
21033,technical_support
21034,technical_support
21035,customer_support
21036,customer_support
21037,other
21038,technical_support
21039,technical_support
21040,technical_support
21041,customer_support
21042,other
21043,other
21044,customer_support
21045,technical_support
21046,technical_support
21047,other
21048,technical_support
21049,technical_support
21050,technical_support
21051,customer_support
21052,technical_support
21053,technical_support
21054,technical_support
21055,other
21056,technical_support
21057,technical_support
21058,other
21059,customer_support
21060,technical_support
21061,technical_support
21062,technical_support
21063,customer_support
21064,technical_support
21065,customer_support
21066,customer_support
21067,customer_support
21068,technical_support
21069,other
21070,other
21071,customer_support
21072,technical_support
21073,customer_support
21074,technical_support
21075,technical_support
21076,technical_support
21077,technical_support
21078,customer_support
21079,technical_support
21080,technical_support
21081,technical_support
21082,technical_support
21083,customer_support
21084,technical_support
21085,technical_support
21086,customer_support
21087,technical_support
21088,technical_support
21089,technical_support
21090,technical_support
21091,technical_support
21092,technical_support
21093,other
21094,other
21095,other
21096,technical_support
21097,technical_support
21098,technical_support
21099,customer_support
21100,technical_support
21101,technical_support
21102,customer_support
21103,other
21104,technical_support
21105,technical_support
21106,technical_support
21107,other
21108,technical_support
21109,customer_support
21110,technical_support
21111,technical_support
21112,technical_support
21113,technical_support
21114,other
21115,other
21116,technical_support
21117,other
21118,technical_support
21119,customer_support
21120,customer_support
21121,other
21122,technical_support
21123,technical_support
21124,customer_support
21125,technical_support
21126,customer_support
21127,technical_support
21128,customer_support
21129,technical_support
21130,other
21131,technical_support
21132,customer_support
21133,technical_support
21134,customer_support
21135,other
21136,other
21137,other
21138,customer_support
21139,technical_support
21140,technical_support
21141,technical_support
21142,customer_support
21143,technical_support
21144,technical_support
21145,technical_support
21146,customer_support
21147,other
21148,technical_support
21149,technical_support
21150,technical_support
21151,technical_support
21152,technical_support
21153,technical_support
21154,technical_support
21155,technical_support
21156,other
21157,other
21158,customer_support
21159,other
21160,technical_support
21161,technical_support
21162,other
21163,technical_support
21164,technical_support
21165,technical_support
21166,customer_support
21167,other
21168,technical_support
21169,technical_support
21170,technical_support
21171,technical_support
21172,technical_support
21173,technical_support
21174,technical_support
21175,other
21176,technical_support
21177,technical_support
21178,other
21179,technical_support
21180,technical_support
21181,other
21182,customer_support
21183,technical_support
21184,technical_support
21185,technical_support
21186,technical_support
21187,technical_support
21188,technical_support
21189,technical_support
21190,customer_support
21191,technical_support
21192,technical_support
21193,technical_support
21194,customer_support
21195,other
21196,technical_support
21197,technical_support
21198,technical_support
21199,technical_support
21200,technical_support
21201,technical_support
21202,technical_support
21203,other
21204,customer_support
21205,technical_support
21206,other
21207,customer_support
21208,other
21209,technical_support
21210,technical_support
21211,other
21212,other
21213,technical_support
21214,technical_support
21215,other
21216,technical_support
21217,technical_support
21218,other
21219,other
21220,technical_support
21221,technical_support
21222,customer_support
21223,technical_support
21224,other
21225,customer_support
21226,other
21227,technical_support
21228,technical_support
21229,customer_support
21230,other
21231,technical_support
21232,technical_support
21233,customer_support
21234,technical_support
21235,technical_support
21236,technical_support
21237,customer_support
21238,customer_support
21239,technical_support
21240,technical_support
21241,technical_support
21242,customer_support
21243,customer_support
21244,customer_support
21245,technical_support
21246,technical_support
21247,customer_support
21248,other
21249,technical_support
21250,technical_support
21251,technical_support
21252,technical_support
21253,technical_support
21254,technical_support
21255,technical_support
21256,customer_support
21257,other
21258,technical_support
21259,technical_support
21260,technical_support
21261,technical_support
21262,technical_support
21263,other
21264,technical_support
21265,technical_support
21266,customer_support
21267,customer_support
21268,customer_support
21269,technical_support
21270,other
21271,customer_support
21272,technical_support
21273,technical_support
21274,customer_support
21275,technical_support
21276,technical_support
21277,technical_support
21278,other
21279,customer_support
21280,customer_support
21281,customer_support
21282,technical_support
21283,other
21284,technical_support
21285,other
21286,technical_support
21287,other
21288,customer_support
21289,technical_support
21290,technical_support
21291,customer_support
21292,technical_support
21293,customer_support
21294,technical_support
21295,technical_support
21296,technical_support
21297,other
21298,technical_support
21299,technical_support
21300,other
21301,other
21302,customer_support
21303,customer_support
21304,technical_support
21305,technical_support
21306,technical_support
21307,customer_support
21308,technical_support
21309,customer_support
21310,other
21311,technical_support
21312,customer_support
21313,other
21314,customer_support
21315,customer_support
21316,customer_support
21317,technical_support
21318,customer_support
21319,customer_support
21320,technical_support
21321,technical_support
21322,technical_support
21323,technical_support
21324,technical_support
21325,technical_support
21326,customer_support
21327,customer_support
21328,technical_support
21329,technical_support
21330,technical_support
21331,customer_support
21332,technical_support
21333,customer_support
21334,technical_support
21335,technical_support
21336,technical_support
21337,technical_support
21338,technical_support
21339,other
21340,other
21341,technical_support
21342,other
21343,technical_support
21344,technical_support
21345,customer_support
21346,other
21347,technical_support
21348,technical_support
21349,technical_support
21350,technical_support
21351,technical_support
21352,technical_support
21353,technical_support
21354,customer_support
21355,technical_support
21356,technical_support
21357,customer_support
21358,technical_support
21359,customer_support
21360,customer_support
21361,other
21362,technical_support
21363,other
21364,customer_support
21365,technical_support
21366,technical_support
21367,other
21368,technical_support
21369,technical_support
21370,technical_support
21371,technical_support
21372,technical_support
21373,other
21374,other
21375,technical_support
21376,technical_support
21377,technical_support
21378,technical_support
21379,technical_support
21380,technical_support
21381,technical_support
21382,technical_support
21383,customer_support
21384,technical_support
21385,technical_support
21386,technical_support
21387,customer_support
21388,technical_support
21389,technical_support
21390,technical_support
21391,other
21392,technical_support
21393,customer_support
21394,technical_support
21395,technical_support
21396,customer_support
21397,customer_support
21398,technical_support
21399,technical_support
21400,technical_support
21401,technical_support
21402,customer_support
21403,technical_support
21404,technical_support
21405,technical_support
21406,technical_support
21407,technical_support
21408,customer_support
21409,technical_support
21410,technical_support
21411,other
21412,other
21413,other
21414,customer_support
21415,technical_support
21416,technical_support
21417,technical_support
21418,technical_support
21419,technical_support
21420,technical_support
21421,technical_support
21422,technical_support
21423,other
21424,other
21425,technical_support
21426,technical_support
21427,customer_support
21428,technical_support
21429,technical_support
21430,technical_support
21431,technical_support
21432,technical_support
21433,customer_support
21434,technical_support
21435,other
21436,other
21437,technical_support
21438,technical_support
21439,technical_support
21440,technical_support
21441,technical_support
21442,other
21443,technical_support
21444,technical_support
21445,customer_support
21446,other
21447,customer_support
21448,technical_support
21449,technical_support
21450,customer_support
21451,technical_support
21452,technical_support
21453,customer_support
21454,technical_support
21455,technical_support
21456,technical_support
21457,technical_support
21458,technical_support
21459,technical_support
21460,other
21461,technical_support
21462,technical_support
21463,technical_support
21464,technical_support
21465,technical_support
21466,technical_support
21467,other
21468,technical_support
21469,technical_support
21470,technical_support
21471,technical_support
21472,technical_support
21473,technical_support
21474,technical_support
21475,customer_support
21476,other
21477,customer_support
21478,other
21479,other
21480,customer_support
21481,customer_support
21482,technical_support
21483,customer_support
21484,other
21485,technical_support
21486,customer_support
21487,technical_support
21488,other
21489,customer_support
21490,other
21491,technical_support
21492,technical_support
21493,technical_support
21494,technical_support
21495,other
21496,technical_support
21497,other
21498,technical_support
21499,technical_support
21500,technical_support
21501,technical_support
21502,technical_support
21503,technical_support
21504,technical_support
21505,technical_support
21506,technical_support
21507,customer_support
21508,technical_support
21509,other
21510,technical_support
21511,customer_support
21512,technical_support
21513,technical_support
21514,technical_support
21515,technical_support
21516,technical_support
21517,technical_support
21518,technical_support
21519,other
21520,technical_support
21521,technical_support
21522,customer_support
21523,other
21524,other
21525,customer_support
21526,other
21527,technical_support
21528,technical_support
21529,customer_support
21530,technical_support
21531,technical_support
21532,technical_support
21533,other
21534,other
21535,other
21536,customer_support
21537,technical_support
21538,technical_support
21539,technical_support
21540,technical_support
21541,technical_support
21542,technical_support
21543,technical_support
21544,other
21545,customer_support
21546,technical_support
21547,customer_support
21548,other
21549,technical_support
21550,technical_support
21551,technical_support
21552,customer_support
21553,customer_support
21554,technical_support
21555,other
21556,technical_support
21557,customer_support
21558,technical_support
21559,technical_support
21560,customer_support
21561,technical_support
21562,technical_support
21563,technical_support
21564,technical_support
21565,technical_support
21566,technical_support
21567,technical_support
21568,technical_support
21569,customer_support
21570,technical_support
21571,technical_support
21572,technical_support
21573,customer_support
21574,technical_support
21575,technical_support
21576,technical_support
21577,technical_support
21578,technical_support
21579,other
21580,other
21581,other
21582,customer_support
21583,other
21584,other
21585,customer_support
21586,other
21587,other
21588,technical_support
21589,technical_support
21590,technical_support
21591,technical_support
21592,technical_support
21593,customer_support
21594,technical_support
21595,technical_support
21596,customer_support
21597,technical_support
21598,other
21599,technical_support
21600,technical_support
21601,technical_support
21602,customer_support
21603,technical_support
21604,technical_support
21605,technical_support
21606,technical_support
21607,technical_support
21608,customer_support
21609,customer_support
21610,other
21611,other
21612,technical_support
21613,other
21614,technical_support
21615,customer_support
21616,other
21617,technical_support
21618,technical_support
21619,technical_support
21620,technical_support
21621,technical_support
21622,technical_support
21623,technical_support
21624,other
21625,other
21626,customer_support
21627,customer_support
21628,customer_support
21629,customer_support
21630,other
21631,technical_support
21632,technical_support
21633,technical_support
21634,technical_support
21635,technical_support
21636,other
21637,technical_support
21638,technical_support
21639,customer_support
21640,other
21641,technical_support
21642,customer_support
21643,technical_support
21644,technical_support
21645,technical_support
21646,technical_support
21647,customer_support
21648,customer_support
21649,technical_support
21650,technical_support
21651,customer_support
21652,other
21653,other
21654,technical_support
21655,other
21656,technical_support
21657,other
21658,technical_support
21659,technical_support
21660,technical_support
21661,technical_support
21662,technical_support
21663,customer_support
21664,technical_support
21665,other
21666,technical_support
21667,other
21668,technical_support
21669,technical_support
21670,customer_support
21671,technical_support
21672,technical_support
21673,technical_support
21674,other
21675,technical_support
21676,technical_support
21677,technical_support
21678,other
21679,technical_support
21680,technical_support
21681,technical_support
21682,technical_support
21683,technical_support
21684,technical_support
21685,technical_support
21686,technical_support
21687,technical_support
21688,technical_support
21689,customer_support
21690,other
21691,technical_support
21692,customer_support
21693,technical_support
21694,customer_support
21695,other
21696,other
21697,customer_support
21698,customer_support
21699,technical_support
21700,technical_support
21701,technical_support
21702,other
21703,customer_support
21704,technical_support
21705,technical_support
21706,technical_support
21707,technical_support
21708,technical_support
21709,technical_support
21710,technical_support
21711,technical_support
21712,technical_support
21713,customer_support
21714,customer_support
21715,other
21716,technical_support
21717,technical_support
21718,other
21719,other
21720,technical_support
21721,customer_support
21722,technical_support
21723,other
21724,other
21725,technical_support
21726,technical_support
21727,other
21728,technical_support
21729,technical_support
21730,technical_support
21731,technical_support
21732,technical_support
21733,other
21734,technical_support
21735,technical_support
21736,customer_support
21737,other
21738,technical_support
21739,technical_support
21740,customer_support
21741,other
21742,technical_support
21743,technical_support
21744,other
21745,customer_support
21746,other
21747,technical_support
21748,technical_support
21749,technical_support
21750,technical_support
21751,technical_support
21752,customer_support
21753,technical_support
21754,technical_support
21755,technical_support
21756,technical_support
21757,technical_support
21758,customer_support
21759,customer_support
21760,technical_support
21761,technical_support
21762,technical_support
21763,customer_support
21764,customer_support
21765,technical_support
21766,technical_support
21767,customer_support
21768,customer_support
21769,other
21770,other
21771,technical_support
21772,customer_support
21773,technical_support
21774,other
21775,customer_support
21776,customer_support
21777,other
21778,technical_support
21779,technical_support
21780,technical_support
21781,technical_support
21782,customer_support
21783,other
21784,technical_support
21785,technical_support
21786,other
21787,technical_support
21788,technical_support
21789,technical_support
21790,technical_support
21791,customer_support
21792,technical_support
21793,technical_support
21794,other
21795,technical_support
21796,customer_support
21797,technical_support
21798,technical_support
21799,technical_support
21800,technical_support
21801,other
21802,other
21803,customer_support
21804,technical_support
21805,technical_support
21806,customer_support
21807,other
21808,customer_support
21809,customer_support
21810,technical_support
21811,other
21812,technical_support
21813,technical_support
21814,technical_support
21815,technical_support
21816,technical_support
21817,other
21818,customer_support
21819,technical_support
21820,other
21821,technical_support
21822,other
21823,technical_support
21824,technical_support
21825,other
21826,technical_support
21827,other
21828,customer_support
21829,technical_support
21830,technical_support
21831,other
21832,other
21833,technical_support
21834,technical_support
21835,other
21836,technical_support
21837,technical_support
21838,technical_support
21839,technical_support
21840,other
21841,customer_support
21842,technical_support
21843,technical_support
21844,technical_support
21845,technical_support
21846,customer_support
21847,other
21848,other
21849,technical_support
21850,technical_support
21851,technical_support
21852,technical_support
21853,technical_support
21854,technical_support
21855,technical_support
21856,other
21857,technical_support
21858,technical_support
21859,customer_support
21860,technical_support
21861,technical_support
21862,technical_support
21863,technical_support
21864,other
21865,other
21866,technical_support
21867,technical_support
21868,technical_support
21869,other
21870,customer_support
21871,customer_support
21872,technical_support
21873,customer_support
21874,technical_support
21875,technical_support
21876,technical_support
21877,technical_support
21878,technical_support
21879,other
21880,customer_support
21881,customer_support
21882,other
21883,technical_support
21884,other
21885,technical_support
21886,technical_support
21887,technical_support
21888,customer_support
21889,other
21890,technical_support
21891,customer_support
21892,technical_support
21893,technical_support
21894,technical_support
21895,technical_support
21896,customer_support
21897,technical_support
21898,other
21899,technical_support
21900,technical_support
21901,technical_support
21902,technical_support
21903,other
21904,other
21905,other
21906,customer_support
21907,technical_support
21908,technical_support
21909,technical_support
21910,customer_support
21911,technical_support
21912,customer_support
21913,technical_support
21914,technical_support
21915,technical_support
21916,customer_support
21917,other
21918,technical_support
21919,technical_support
21920,technical_support
21921,customer_support
21922,technical_support
21923,other
21924,technical_support
21925,technical_support
21926,other
21927,technical_support
21928,technical_support
21929,technical_support
21930,technical_support
21931,technical_support
21932,technical_support
21933,technical_support
21934,technical_support
21935,customer_support
21936,technical_support
21937,customer_support
21938,technical_support
21939,technical_support
21940,other
21941,technical_support
21942,other
21943,technical_support
21944,customer_support
21945,other
21946,technical_support
21947,technical_support
21948,other
21949,customer_support
21950,customer_support
21951,technical_support
21952,other
21953,technical_support
21954,technical_support
21955,customer_support
21956,technical_support
21957,technical_support
21958,technical_support
21959,technical_support
21960,technical_support
21961,technical_support
21962,customer_support
21963,technical_support
21964,technical_support
21965,technical_support
21966,customer_support
21967,customer_support
21968,technical_support
21969,other
21970,other
21971,customer_support
21972,technical_support
21973,technical_support
21974,technical_support
21975,other
21976,technical_support
21977,technical_support
21978,technical_support
21979,customer_support
21980,other
21981,technical_support
21982,technical_support
21983,other
21984,other
21985,technical_support
21986,technical_support
21987,technical_support
21988,technical_support
21989,technical_support
21990,other
21991,technical_support
21992,other
21993,technical_support
21994,technical_support
21995,technical_support
21996,technical_support
21997,technical_support
21998,technical_support
21999,technical_support
22000,customer_support
22001,other
22002,technical_support
22003,technical_support
22004,technical_support
22005,technical_support
22006,other
22007,technical_support
22008,other
22009,technical_support
22010,other
22011,technical_support
22012,technical_support
22013,technical_support
22014,other
22015,customer_support
22016,customer_support
22017,customer_support
22018,customer_support
22019,technical_support
22020,technical_support
22021,technical_support
22022,technical_support
22023,customer_support
22024,technical_support
22025,technical_support
22026,technical_support
22027,customer_support
22028,technical_support
22029,technical_support
22030,technical_support
22031,technical_support
22032,other
22033,technical_support
22034,customer_support
22035,technical_support
22036,technical_support
22037,technical_support
22038,other
22039,technical_support
22040,technical_support
22041,other
22042,technical_support
22043,other
22044,technical_support
22045,technical_support
22046,other
22047,other
22048,technical_support
22049,technical_support
22050,customer_support
22051,customer_support
22052,technical_support
22053,technical_support
22054,technical_support
22055,technical_support
22056,customer_support
22057,technical_support
22058,other
22059,technical_support
22060,other
22061,technical_support
22062,technical_support
22063,technical_support
22064,customer_support
22065,technical_support
22066,other
22067,customer_support
22068,other
22069,customer_support
22070,other
22071,technical_support
22072,technical_support
22073,technical_support
22074,technical_support
22075,other
22076,customer_support
22077,other
22078,technical_support
22079,technical_support
22080,technical_support
22081,technical_support
22082,customer_support
22083,technical_support
22084,technical_support
22085,technical_support
22086,technical_support
22087,technical_support
22088,technical_support
22089,other
22090,technical_support
22091,technical_support
22092,technical_support
22093,technical_support
22094,technical_support
22095,technical_support
22096,customer_support
22097,technical_support
22098,customer_support
22099,technical_support
22100,other
22101,technical_support
22102,technical_support
22103,technical_support
22104,technical_support
22105,customer_support
22106,technical_support
22107,other
22108,technical_support
22109,technical_support
22110,technical_support
22111,technical_support
22112,customer_support
22113,other
22114,customer_support
22115,other
22116,technical_support
22117,other
22118,other
22119,technical_support
22120,technical_support
22121,customer_support
22122,technical_support
22123,technical_support
22124,technical_support
22125,technical_support
22126,technical_support
22127,technical_support
22128,technical_support
22129,technical_support
22130,other
22131,technical_support
22132,technical_support
22133,technical_support
22134,technical_support
22135,technical_support
22136,technical_support
22137,technical_support
22138,other
22139,technical_support
22140,technical_support
22141,technical_support
22142,technical_support
22143,technical_support
22144,customer_support
22145,technical_support
22146,technical_support
22147,technical_support
22148,other
22149,customer_support
22150,technical_support
22151,technical_support
22152,technical_support
22153,technical_support
22154,customer_support
22155,technical_support
22156,technical_support
22157,technical_support
22158,technical_support
22159,technical_support
22160,technical_support
22161,technical_support
22162,other
22163,customer_support
22164,technical_support
22165,technical_support
22166,other
22167,other
22168,other
22169,customer_support
22170,other
22171,other
22172,customer_support
22173,technical_support
22174,technical_support
22175,other
22176,customer_support
22177,customer_support
22178,technical_support
22179,customer_support
22180,customer_support
22181,customer_support
22182,technical_support
22183,customer_support
22184,technical_support
22185,technical_support
22186,other
22187,technical_support
22188,technical_support
22189,technical_support
22190,technical_support
22191,customer_support
22192,technical_support
22193,customer_support
22194,customer_support
22195,other
22196,technical_support
22197,technical_support
22198,technical_support
22199,other
22200,technical_support
22201,other
22202,technical_support
22203,technical_support
22204,technical_support
22205,other
22206,other
22207,technical_support
22208,technical_support
22209,technical_support
22210,other
22211,technical_support
22212,technical_support
22213,technical_support
22214,technical_support
22215,technical_support
22216,technical_support
22217,technical_support
22218,other
22219,technical_support
22220,technical_support
22221,technical_support
22222,technical_support
22223,other
22224,technical_support
22225,technical_support
22226,technical_support
22227,customer_support
22228,technical_support
22229,other
22230,technical_support
22231,technical_support
22232,technical_support
22233,technical_support
22234,other
22235,technical_support
22236,technical_support
22237,other
22238,technical_support
22239,customer_support
22240,technical_support
22241,other
22242,customer_support
22243,other
22244,technical_support
22245,technical_support
22246,technical_support
22247,customer_support
22248,other
22249,other
22250,technical_support
22251,other
22252,technical_support
22253,technical_support
22254,technical_support
22255,other
22256,customer_support
22257,technical_support
22258,technical_support
22259,technical_support
22260,customer_support
22261,technical_support
22262,customer_support
22263,customer_support
22264,customer_support
22265,customer_support
22266,technical_support
22267,other
22268,other
22269,technical_support
22270,customer_support
22271,customer_support
22272,technical_support
22273,other
22274,technical_support
22275,customer_support
22276,customer_support
22277,technical_support
22278,technical_support
22279,technical_support
22280,technical_support
22281,other
22282,customer_support
22283,customer_support
22284,technical_support
22285,technical_support
22286,technical_support
22287,technical_support
22288,technical_support
22289,technical_support
22290,technical_support
22291,technical_support
22292,technical_support
22293,technical_support
22294,other
22295,customer_support
22296,technical_support
22297,technical_support
22298,technical_support
22299,customer_support
22300,customer_support
22301,other
22302,technical_support
22303,technical_support
22304,technical_support
22305,technical_support
22306,other
22307,technical_support
22308,technical_support
22309,technical_support
22310,technical_support
22311,technical_support
22312,customer_support
22313,technical_support
22314,technical_support
22315,other
22316,other
22317,technical_support
22318,technical_support
22319,technical_support
22320,technical_support
22321,customer_support
22322,customer_support
22323,technical_support
22324,technical_support
22325,technical_support
22326,other
22327,technical_support
22328,technical_support
22329,technical_support
22330,technical_support
22331,technical_support
22332,other
22333,technical_support
22334,other
22335,technical_support
22336,technical_support
22337,customer_support
22338,other
22339,technical_support
22340,technical_support
22341,technical_support
22342,technical_support
22343,technical_support
22344,technical_support
22345,other
22346,technical_support
22347,other
22348,customer_support
22349,technical_support
22350,technical_support
22351,customer_support
22352,technical_support
22353,technical_support
22354,technical_support
22355,technical_support
22356,other
22357,customer_support
22358,technical_support
22359,customer_support
22360,technical_support
22361,technical_support
22362,technical_support
22363,customer_support
22364,other
22365,customer_support
22366,technical_support
22367,other
22368,customer_support
22369,technical_support
22370,other
22371,technical_support
22372,customer_support
22373,customer_support
22374,other
22375,technical_support
22376,technical_support
22377,technical_support
22378,technical_support
22379,customer_support
22380,technical_support
22381,technical_support
22382,customer_support
22383,customer_support
22384,technical_support
22385,technical_support
22386,technical_support
22387,technical_support
22388,technical_support
22389,customer_support
22390,technical_support
22391,technical_support
22392,technical_support
22393,technical_support
22394,customer_support
22395,technical_support
22396,technical_support
22397,technical_support
22398,technical_support
22399,technical_support
22400,technical_support
22401,technical_support
22402,technical_support
22403,technical_support
22404,other
22405,technical_support
22406,technical_support
22407,other
22408,other
22409,other
22410,other
22411,customer_support
22412,technical_support
22413,customer_support
22414,customer_support
22415,technical_support
22416,technical_support
22417,technical_support
22418,customer_support
22419,technical_support
22420,other
22421,technical_support
22422,technical_support
22423,technical_support
22424,technical_support
22425,technical_support
22426,customer_support
22427,technical_support
22428,customer_support
22429,other
22430,other
22431,technical_support
22432,customer_support
22433,technical_support
22434,technical_support
22435,customer_support
22436,technical_support
22437,technical_support
22438,customer_support
22439,customer_support
22440,other
22441,technical_support
22442,technical_support
22443,customer_support
22444,technical_support
22445,technical_support
22446,technical_support
22447,technical_support
22448,technical_support
22449,technical_support
22450,technical_support
22451,other
22452,customer_support
22453,other
22454,customer_support
22455,technical_support
22456,technical_support
22457,other
22458,customer_support
22459,technical_support
22460,technical_support
22461,technical_support
22462,technical_support
22463,technical_support
22464,customer_support
22465,other
22466,technical_support
22467,customer_support
22468,technical_support
22469,technical_support
22470,technical_support
22471,customer_support
22472,other
22473,technical_support
22474,technical_support
22475,customer_support
22476,technical_support
22477,technical_support
22478,technical_support
22479,technical_support
22480,technical_support
22481,technical_support
22482,technical_support
22483,technical_support
22484,other
22485,other
22486,customer_support
22487,technical_support
22488,customer_support
22489,customer_support
22490,other
22491,other
22492,customer_support
22493,technical_support
22494,other
22495,technical_support
22496,other
22497,technical_support
22498,customer_support
22499,technical_support
22500,customer_support
22501,technical_support
22502,other
22503,other
22504,customer_support
22505,technical_support
22506,other
22507,technical_support
22508,technical_support
22509,customer_support
22510,technical_support
22511,other
22512,other
22513,other
22514,other
22515,other
22516,other
22517,technical_support
22518,technical_support
22519,technical_support
22520,other
22521,customer_support
22522,technical_support
22523,technical_support
22524,technical_support
22525,customer_support
22526,other
22527,technical_support
22528,customer_support
22529,other
22530,technical_support
22531,customer_support
22532,other
22533,customer_support
22534,customer_support
22535,customer_support
22536,technical_support
22537,other
22538,other
22539,technical_support
22540,technical_support
22541,technical_support
22542,technical_support
22543,technical_support
22544,other
22545,technical_support
22546,technical_support
22547,customer_support
22548,other
22549,technical_support
22550,technical_support
22551,technical_support
22552,other
22553,customer_support
22554,other
22555,other
22556,technical_support
22557,technical_support
22558,technical_support
22559,other
22560,technical_support
22561,customer_support
22562,customer_support
22563,technical_support
22564,technical_support
22565,technical_support
